"CBSA","CBSA Code","Year","Days with AQI","Good Days","Moderate Days","Unhealthy for Sensitive Groups Days","Unhealthy Days","Very Unhealthy Days","Hazardous Days","Max AQI","90th Percentile AQI","Median AQI","Days CO","Days NO2","Days Ozone","Days SO2","Days PM2.5","Days PM10"
"Aberdeen, SD","10100",2003,121,100,21,0,0,0,0,71,56,33,0,0,0,0,101,20
"Aberdeen, WA","10140",2003,365,318,47,0,0,0,0,81,52,29,0,0,0,0,361,4
"Adrian, MI","10300",2003,180,118,46,11,4,1,0,206,100,46,0,0,180,0,0,0
"Aguadilla-Isabela, PR","10380",2003,95,94,1,0,0,0,0,69,38,21,0,0,0,0,95,0
"Akron, OH","10420",2003,365,93,198,70,2,2,0,219,118,65,0,0,66,120,178,1
"Albany, GA","10500",2003,121,58,63,0,0,0,0,97,70,52,0,0,0,0,119,2
"Albany, OR","10540",2003,111,90,21,0,0,0,0,91,64,26,0,0,0,0,111,0
"Albany-Schenectady-Troy, NY","10580",2003,365,260,88,13,4,0,0,187,76,41,0,0,294,19,52,0
"Albuquerque, NM","10740",2003,365,100,208,52,5,0,0,168,108,67,0,10,208,0,42,105
"Alexandria, LA","10780",2003,362,292,63,6,1,0,0,151,65,38,0,0,322,0,40,0
"Allentown-Bethlehem-Easton, PA-NJ","10900",2003,365,131,201,29,2,2,0,203,99,59,0,14,81,52,205,13
"Altoona, PA","11020",2003,365,274,79,9,3,0,0,197,64,40,0,74,178,98,0,15
"Amarillo, TX","11100",2003,136,125,11,0,0,0,0,70,47,25,0,0,0,0,136,0
"Americus, GA","11140",2003,210,159,45,5,1,0,0,151,77,39,0,0,210,0,0,0
"Ames, IA","11180",2003,214,200,14,0,0,0,0,100,48,34,0,0,214,0,0,0
"Anchorage, AK","11260",2003,309,266,38,3,1,0,1,486,57,24,116,0,0,0,78,115
"Ann Arbor, MI","11460",2003,242,152,71,14,4,1,0,201,95,45,0,0,149,0,93,0
"Appleton, WI","11540",2003,243,186,48,9,0,0,0,150,74,42,0,0,163,0,80,0
"Ardmore, OK","11620",2003,277,152,103,22,0,0,0,150,93,49,0,0,216,0,61,0
"Asheville, NC","11700",2003,304,120,154,30,0,0,0,147,100,58,0,0,158,0,146,0
"Ashtabula, OH","11780",2003,365,289,56,15,3,2,0,204,77,36,0,0,205,160,0,0
"Athens, OH","11900",2003,109,65,43,1,0,0,0,110,73,42,0,0,0,0,107,2
"Athens, TN","11940",2003,320,230,75,12,3,0,0,195,79,30,0,99,0,128,81,12
"Athens-Clarke County, GA","12020",2003,249,137,105,7,0,0,0,150,79,47,0,0,150,0,99,0
"Atlanta-Sandy Springs-Roswell, GA","12060",2003,365,62,245,47,9,2,0,203,120,64,0,8,93,49,214,1
"Atlantic City-Hammonton, NJ","12100",2003,365,278,66,18,1,2,0,205,75,38,0,0,297,13,55,0
"Augusta-Richmond County, GA-SC","12260",2003,365,221,132,12,0,0,0,140,77,44,0,2,212,0,151,0
"Augusta-Waterville, ME","12300",2003,287,267,18,1,1,0,0,151,47,35,0,0,267,0,0,20
"Austin-Round Rock, TX","12420",2003,365,234,111,17,3,0,0,177,84,44,0,8,282,0,71,4
"Bakersfield, CA","12540",2003,365,23,118,100,93,31,0,223,197,118,0,0,205,0,158,2
"Baltimore-Columbia-Towson, MD","12580",2003,365,87,223,46,7,2,0,226,115,64,0,15,88,33,229,0
"Bangor, ME","12620",2003,242,201,36,4,0,1,0,205,60,38,0,0,175,0,65,2
"Baraboo, WI","12660",2003,365,287,66,12,0,0,0,126,67,35,0,6,324,11,24,0
"Barnstable Town, MA","12700",2003,231,165,42,16,7,1,0,205,101,42,0,0,167,0,64,0
"Baton Rouge, LA","12940",2003,365,105,195,45,16,4,0,215,115,61,0,8,132,67,158,0
"Bay City, MI","13020",2003,113,75,38,0,0,0,0,97,68,38,0,0,0,0,113,0
"Beaumont-Port Arthur, TX","13140",2003,365,116,185,52,11,1,0,209,119,62,0,5,122,128,110,0
"Beaver Dam, WI","13180",2003,365,233,111,21,0,0,0,150,84,44,0,0,233,0,132,0
"Beckley, WV","13220",2003,116,67,48,1,0,0,0,113,71,45,0,0,0,0,116,0
"Bellingham, WA","13380",2003,364,324,40,0,0,0,0,77,52,31,0,0,121,0,241,2
"Bend-Redmond, OR","13460",2003,221,205,16,0,0,0,0,86,40,18,131,0,0,0,88,2
"Bennington, VT","13540",2003,354,303,45,6,0,0,0,140,56,34,0,0,312,0,42,0
"Berlin, NH-VT","13620",2003,245,168,63,14,0,0,0,129,80,45,0,0,174,0,71,0
"Billings, MT","13740",2003,365,166,168,30,1,0,0,200,95,55,13,0,0,333,19,0
"Binghamton, NY","13780",2003,28,19,9,0,0,0,0,65,63,40,0,0,0,0,28,0
"Birmingham-Hoover, AL","13820",2003,365,32,271,57,5,0,0,178,112,72,0,0,46,27,226,66
"Bishop, CA","13860",2003,365,179,120,42,5,1,3,16515,132,51,0,0,293,0,3,69
"Bismarck, ND","13900",2003,365,209,118,38,0,0,0,137,101,46,0,6,144,185,30,0
"Blackfoot, ID","13940",2003,50,38,12,0,0,0,0,90,63,29,0,0,0,0,0,50
"Bloomington, IL","14010",2003,362,287,66,9,0,0,0,126,74,36,0,0,328,0,34,0
"Bloomington, IN","14020",2003,183,93,63,23,4,0,0,179,108,49,0,0,183,0,0,0
"Bluefield, WV-VA","14140",2003,112,66,43,3,0,0,0,115,71,42,0,0,0,0,112,0
"Blytheville, AR","14180",2003,111,65,46,0,0,0,0,88,66,45,0,0,0,0,111,0
"Boise City, ID","14260",2003,365,253,104,8,0,0,0,143,74,43,68,0,176,0,48,73
"Boone, NC","14380",2003,114,70,43,1,0,0,0,117,66,43,0,0,0,0,114,0
"Boston-Cambridge-Newton, MA-NH","14460",2003,365,84,248,27,5,1,0,204,97,61,0,34,68,34,229,0
"Boulder, CO","14500",2003,365,255,87,22,1,0,0,151,90,42,21,0,302,0,41,1
"Bowling Green, KY","14540",2003,365,227,123,14,1,0,0,161,87,44,0,26,253,4,81,1
"Bozeman, MT","14580",2003,354,337,17,0,0,0,0,94,32,8,198,0,0,0,99,57
"Brainerd, MN","14660",2003,55,51,4,0,0,0,0,71,45,24,0,0,0,0,55,0
"Branson, MO","14700",2003,121,87,34,0,0,0,0,95,58,34,0,0,0,0,121,0
"Breckenridge, CO","14720",2003,332,321,11,0,0,0,0,64,28,13,0,0,0,0,0,332
"Bremerton-Silverdale, WA","14740",2003,21,16,5,0,0,0,0,74,60,40,0,0,0,0,21,0
"Bridgeport-Stamford-Norwalk, CT","14860",2003,365,237,96,22,7,3,0,221,94,44,2,108,148,38,68,1
"Brookings, SD","15100",2003,125,90,35,0,0,0,0,85,63,35,0,0,0,0,79,46
"Brownsville, TN","15140",2003,304,202,89,12,1,0,0,166,80,44,23,31,245,5,0,0
"Brownsville-Harlingen, TX","15180",2003,364,275,84,5,0,0,0,123,63,39,0,0,157,0,62,145
"Brunswick, GA","15260",2003,275,206,67,2,0,0,0,112,67,38,0,0,195,0,76,4
"Buffalo-Cheektowaga-Niagara Falls, NY","15380",2003,365,166,133,49,15,2,0,205,120,54,0,46,132,138,49,0
"Burlington, NC","15500",2003,114,55,57,2,0,0,0,118,75,52,0,0,0,0,114,0
"Burlington-South Burlington, VT","15540",2003,365,304,55,6,0,0,0,122,61,37,0,44,260,0,61,0
"Butte-Silver Bow, MT","15580",2003,365,340,22,3,0,0,0,123,40,20,145,0,0,0,67,153
"Cadillac, MI","15620",2003,349,288,50,10,1,0,0,174,64,32,62,0,170,56,61,0
"Canton-Massillon, OH","15940",2003,365,213,129,18,3,2,0,212,88,46,7,0,151,95,90,22
"Cape Coral-Fort Myers, FL","15980",2003,365,318,39,7,1,0,0,156,54,37,0,0,314,0,38,13
"Carbondale-Marion, IL","16060",2003,60,60,0,0,0,0,0,44,33,17,0,0,0,0,0,60
"Carlsbad-Artesia, NM","16100",2003,365,301,63,0,1,0,0,152,61,36,0,106,228,9,22,0
"Carson City, NV","16180",2003,365,311,54,0,0,0,0,87,58,37,154,0,211,0,0,0
"Casper, WY","16220",2003,57,54,2,1,0,0,0,120,38,16,0,0,0,0,0,57
"Ca?on City, CO","15860",2003,58,58,0,0,0,0,0,28,23,13,0,0,0,0,0,58
"Cedar Rapids, IA","16300",2003,365,157,178,30,0,0,0,146,96,55,1,0,113,90,161,0
"Centralia, WA","16500",2003,209,157,42,10,0,0,0,133,84,41,0,0,136,0,73,0
"Chambersburg-Waynesboro, PA","16540",2003,192,128,58,4,2,0,0,174,77,46,0,0,192,0,0,0
"Champaign-Urbana, IL","16580",2003,365,285,71,9,0,0,0,126,71,37,0,0,287,0,78,0
"Charleston, WV","16620",2003,365,207,136,18,4,0,0,177,85,47,0,0,126,143,88,8
"Charleston-North Charleston, SC","16700",2003,365,197,163,5,0,0,0,136,72,47,0,3,123,8,231,0
"Charlotte-Concord-Gastonia, NC-SC","16740",2003,365,105,210,41,7,2,0,212,108,61,0,16,139,27,182,1
"Charlottesville, VA","16820",2003,59,59,0,0,0,0,0,41,25,15,0,0,0,0,0,59
"Chattanooga, TN-GA","16860",2003,286,140,126,16,4,0,0,195,93,51,0,0,185,0,101,0
"Cheyenne, WY","16940",2003,117,113,4,0,0,0,0,64,33,18,0,0,0,0,107,10
"Chicago-Naperville-Elgin, IL-IN-WI","16980",2003,365,32,265,56,12,0,0,190,116,71,0,48,62,73,170,12
"Chico, CA","17020",2003,365,144,170,43,8,0,0,164,108,58,0,0,220,0,145,0
"Cincinnati, OH-KY-IN","17140",2003,365,48,213,91,11,2,0,217,123,76,0,8,65,170,122,0
"Claremont-Lebanon, NH-VT","17200",2003,215,167,42,6,0,0,0,147,68,42,0,0,176,0,39,0
"Clarksburg, WV","17220",2003,118,60,57,1,0,0,0,116,71,50,0,0,0,0,118,0
"Clarksville, TN-KY","17300",2003,365,209,124,31,1,0,0,151,98,46,0,0,197,90,77,1
"Clearlake, CA","17340",2003,363,331,32,0,0,0,0,84,48,37,0,0,359,0,4,0
"Cleveland, MS","17380",2003,312,165,138,9,0,0,0,133,78,49,0,0,125,0,187,0
"Cleveland, TN","17420",2003,365,314,41,10,0,0,0,144,60,26,0,102,0,237,0,26
"Cleveland-Elyria, OH","17460",2003,365,47,221,87,8,2,0,216,119,77,0,2,70,131,151,11
"Clinton, IA","17540",2003,365,280,71,14,0,0,0,133,80,37,0,0,188,9,70,98
"Coeur d'Alene, ID","17660",2003,364,298,64,2,0,0,0,111,58,28,0,0,0,0,327,37
"Coffeyville, KS","17700",2003,365,306,51,8,0,0,0,131,61,27,0,0,0,174,0,191
"Colorado Springs, CO","17820",2003,365,257,95,13,0,0,0,147,77,44,17,0,290,0,41,17
"Columbia, MO","17860",2003,115,66,48,1,0,0,0,113,71,45,0,0,0,0,115,0
"Columbia, SC","17900",2003,365,130,201,32,2,0,0,169,97,56,1,7,128,53,154,22
"Columbus, GA-AL","17980",2003,315,163,147,4,1,0,0,175,75,50,0,0,120,0,195,0
"Columbus, MS","18060",2003,103,51,52,0,0,0,0,95,71,51,0,0,0,0,103,0
"Columbus, OH","18140",2003,365,105,225,27,6,2,0,225,100,60,0,0,103,4,255,3
"Concord, NH","18180",2003,365,200,115,49,1,0,0,170,105,46,0,0,87,234,44,0
"Cookeville, TN","18260",2003,279,147,113,18,1,0,0,177,93,49,0,0,206,0,73,0
"Corning, NY","18500",2003,330,240,88,2,0,0,0,128,62,33,0,0,0,0,330,0
"Corpus Christi, TX","18580",2003,365,269,77,17,2,0,0,169,80,40,0,0,264,36,65,0
"Crescent City, CA","18860",2003,148,148,0,0,0,0,0,43,22,12,0,0,0,0,97,51
"Cullowhee, NC","19000",2003,259,117,118,23,1,0,0,166,100,52,0,0,193,0,66,0
"Dallas-Fort Worth-Arlington, TX","19100",2003,365,92,200,43,28,2,0,226,140,65,0,23,167,23,150,2
"Dalton, GA","19140",2003,261,155,81,23,2,0,0,185,100,46,0,0,194,0,67,0
"Daphne-Fairhope-Foley, AL","19300",2003,278,189,77,11,1,0,0,174,77,41,0,0,189,0,89,0
"Davenport-Moline-Rock Island, IA-IL","19340",2003,365,170,177,18,0,0,0,147,87,52,0,0,149,0,155,61
"Dayton, OH","19380",2003,365,120,211,26,6,2,0,217,99,58,5,0,107,1,252,0
"DeRidder, LA","19760",2003,361,317,35,9,0,0,0,147,54,33,0,0,361,0,0,0
"Decatur, AL","19460",2003,284,153,110,20,1,0,0,169,93,49,0,0,201,0,83,0
"Decatur, IL","19500",2003,365,258,101,6,0,0,0,129,75,41,0,0,243,44,78,0
"Deltona-Daytona Beach-Ormond Beach, FL","19660",2003,365,326,33,6,0,0,0,122,52,34,0,0,300,0,54,11
"Deming, NM","19700",2003,58,55,1,2,0,0,0,113,33,16,0,0,0,0,0,58
"Denver-Aurora-Lakewood, CO","19740",2003,365,109,193,49,12,2,0,215,115,64,1,122,146,13,55,28
"Des Moines-West Des Moines, IA","19780",2003,365,232,129,4,0,0,0,127,67,43,4,31,72,0,211,47
"Detroit-Warren-Dearborn, MI","19820",2003,363,78,187,85,10,3,0,219,121,70,0,24,45,110,150,34
"Dickinson, ND","19860",2003,143,141,2,0,0,0,0,74,36,25,0,0,42,0,101,0
"Dodge City, KS","19980",2003,54,51,3,0,0,0,0,77,41,24,0,0,0,0,0,54
"Dothan, AL","20020",2003,94,49,44,1,0,0,0,144,69,48,0,0,0,0,88,6
"Douglas, GA","20060",2003,49,32,17,0,0,0,0,84,67,40,0,0,0,0,49,0
"Dover, DE","20100",2003,274,170,86,15,3,0,0,197,93,44,0,0,190,0,84,0
"DuBois, PA","20180",2003,187,132,46,5,4,0,0,192,84,44,0,0,187,0,0,0
"Duluth, MN-WI","20260",2003,365,254,109,2,0,0,0,142,71,41,0,0,244,1,113,7
"Durango, CO","20420",2003,364,317,47,0,0,0,0,87,52,39,0,29,303,0,6,26
"Durham-Chapel Hill, NC","20500",2003,352,162,163,24,3,0,0,182,90,52,0,0,119,0,232,1
"Dyersburg, TN","20540",2003,105,60,44,1,0,0,0,106,68,46,0,0,0,0,105,0
"Eau Claire, WI","20740",2003,54,54,0,0,0,0,0,37,27,14,0,0,0,0,0,54
"Effingham, IL","20820",2003,214,165,47,2,0,0,0,143,67,42,0,0,214,0,0,0
"El Centro, CA","20940",2003,365,124,177,54,9,0,0,736,113,61,14,54,234,0,40,23
"El Dorado, AR","20980",2003,364,317,45,1,1,0,0,181,53,10,0,0,0,263,101,0
"El Paso, TX","21340",2003,365,104,212,38,6,1,2,1032,110,60,7,47,152,1,48,110
"Elizabeth City, NC","21020",2003,215,154,53,6,2,0,0,164,80,43,0,0,177,0,38,0
"Elizabethtown-Fort Knox, KY","21060",2003,282,163,110,9,0,0,0,143,84,46,0,0,206,0,75,1
"Elkhart-Goshen, IN","21140",2003,241,128,97,11,5,0,0,169,91,49,0,0,162,0,79,0
"Elko, NV","21220",2003,353,350,2,1,0,0,0,104,32,16,0,0,0,0,27,326
"Ellensburg, WA","21260",2003,119,119,0,0,0,0,0,48,33,12,0,0,0,0,88,31
"Elmira, NY","21300",2003,364,322,36,5,1,0,0,164,54,33,0,0,319,45,0,0
"Emporia, KS","21380",2003,119,95,22,1,1,0,0,153,56,32,0,0,0,0,119,0
"Enid, OK","21420",2003,124,92,32,0,0,0,0,93,58,40,0,0,0,0,124,0
"Erie, PA","21500",2003,365,177,168,16,3,1,0,204,87,52,3,24,89,78,169,2
"Escanaba, MI","21540",2003,362,360,2,0,0,0,0,56,14,0,0,0,0,362,0,0
"Espa?ola, NM","21580",2003,98,98,0,0,0,0,0,42,23,11,0,0,0,0,98,0
"Eufaula, AL-GA","21640",2003,15,9,6,0,0,0,0,84,67,38,0,0,0,0,15,0
"Eugene, OR","21660",2003,365,217,117,26,5,0,0,158,93,45,6,0,126,0,232,1
"Eureka-Arcata-Fortuna, CA","21700",2003,64,56,7,1,0,0,0,102,54,26,0,0,0,0,51,13
"Evansville, IN-KY","21780",2003,365,76,142,119,28,0,0,200,136,84,0,6,71,227,61,0
"Fairbanks, AK","21820",2003,228,195,33,0,0,0,0,100,57,23,137,0,0,0,91,0
"Fairmont, WV","21900",2003,114,43,69,2,0,0,0,130,74,56,0,0,0,0,114,0
"Fargo, ND-MN","22020",2003,365,307,57,1,0,0,0,131,56,36,0,21,291,0,49,4
"Farmington, NM","22140",2003,365,196,149,20,0,0,0,135,93,49,0,17,294,42,12,0
"Fayetteville, NC","22180",2003,363,241,106,12,4,0,0,164,84,40,105,0,171,0,85,2
"Fayetteville-Springdale-Rogers, AR-MO","22220",2003,113,80,33,0,0,0,0,85,59,40,0,0,0,0,113,0
"Findlay, OH","22300",2003,40,40,0,0,0,0,0,36,31,23,0,0,0,0,0,40
"Flagstaff, AZ","22380",2003,359,209,141,9,0,0,0,126,84,48,0,0,348,0,11,0
"Flint, MI","22420",2003,365,267,78,15,5,0,0,192,80,34,4,0,163,118,79,1
"Florence, SC","22500",2003,362,260,92,9,1,0,0,154,77,41,0,0,289,0,73,0
"Florence-Muscle Shoals, AL","22520",2003,365,253,103,8,1,0,0,151,79,41,0,3,197,86,79,0
"Fond du Lac, WI","22540",2003,184,133,38,13,0,0,0,136,84,44,0,0,184,0,0,0
"Fort Collins, CO","22660",2003,365,188,143,30,4,0,0,166,100,50,1,0,352,0,12,0
"Fort Madison-Keokuk, IA-IL-MO","22800",2003,115,115,0,0,0,0,0,48,34,21,0,0,0,0,0,115
"Fort Payne, AL","22840",2003,115,52,62,1,0,0,0,108,77,54,0,0,0,0,115,0
"Fort Smith, AR-OK","22900",2003,109,64,45,0,0,0,0,88,64,44,0,0,0,0,109,0
"Fort Wayne, IN","23060",2003,365,198,149,13,5,0,0,197,87,48,16,0,103,0,245,1
"Frankfort, KY","23180",2003,116,66,49,1,0,0,0,103,72,48,0,0,0,0,116,0
"Fresno, CA","23420",2003,365,40,131,95,87,12,0,212,177,107,0,10,230,0,124,1
"Gadsden, AL","23460",2003,284,166,108,10,0,0,0,143,80,47,0,0,192,0,91,1
"Gaffney, SC","23500",2003,364,290,61,12,1,0,0,154,74,37,0,0,364,0,0,0
"Gainesville, FL","23540",2003,365,306,52,7,0,0,0,147,60,37,0,0,295,0,62,8
"Gainesville, GA","23580",2003,109,41,67,1,0,0,0,120,75,55,0,0,0,0,109,0
"Gardnerville Ranchos, NV","23820",2003,365,268,97,0,0,0,0,87,66,44,39,0,326,0,0,0
"Georgetown, SC","23860",2003,365,272,93,0,0,0,0,86,59,33,0,0,0,93,100,172
"Gettysburg, PA","23900",2003,354,173,170,9,2,0,0,185,81,51,2,0,75,0,277,0
"Gillette, WY","23940",2003,365,174,178,13,0,0,0,150,82,51,0,1,186,31,9,138
"Glenwood Springs, CO","24060",2003,364,360,4,0,0,0,0,75,29,17,0,0,0,0,9,355
"Goldsboro, NC","24140",2003,117,60,56,1,0,0,0,109,68,49,0,0,0,0,113,4
"Grand Island, NE","24260",2003,111,84,27,0,0,0,0,91,58,33,0,0,0,0,111,0
"Grand Junction, CO","24300",2003,357,324,32,1,0,0,0,140,49,25,86,0,0,0,104,167
"Grand Rapids-Wyoming, MI","24340",2003,365,182,158,20,4,1,0,201,90,51,0,45,102,1,217,0
"Grants Pass, OR","24420",2003,242,219,22,1,0,0,0,127,44,24,140,0,0,0,98,4
"Great Falls, MT","24500",2003,365,311,48,4,2,0,0,180,61,18,129,0,0,166,70,0
"Greeley, CO","24540",2003,360,223,110,26,1,0,0,169,93,45,8,0,302,0,49,1
"Green Bay, WI","24580",2003,333,239,79,10,4,1,0,206,80,41,0,0,154,119,59,1
"Greensboro-High Point, NC","24660",2003,365,163,175,24,2,1,0,206,90,53,3,0,111,0,251,0
"Greenville, NC","24780",2003,253,166,79,5,3,0,0,174,77,43,0,0,158,0,95,0
"Greenville-Anderson-Mauldin, SC","24860",2003,365,128,208,29,0,0,0,150,93,58,0,30,109,5,221,0
"Greenwood, SC","24940",2003,270,162,97,11,0,0,0,150,90,47,0,0,182,0,88,0
"Grenada, MS","24980",2003,56,24,32,0,0,0,0,81,71,52,0,0,0,0,56,0
"Guayama, PR","25020",2003,347,338,9,0,0,0,0,82,29,3,0,0,0,229,58,60
"Gulfport-Biloxi-Pascagoula, MS","25060",2003,365,182,156,22,5,0,0,182,90,51,0,0,130,12,223,0
"Hagerstown-Martinsburg, MD-WV","25180",2003,266,145,106,12,3,0,0,190,87,48,0,0,168,0,98,0
"Hammond, LA","25220",2003,121,78,43,0,0,0,0,85,62,42,0,0,0,0,121,0
"Hanford-Corcoran, CA","25260",2003,364,166,121,66,11,0,0,187,126,56,0,61,246,0,49,8
"Harrisburg-Carlisle, PA","25420",2003,365,125,209,27,3,1,0,203,98,59,0,16,67,12,270,0
"Harrison, AR","25460",2003,362,262,91,6,3,0,0,169,71,44,0,0,330,0,32,0
"Harrisonburg, VA","25500",2003,364,358,6,0,0,0,0,72,39,9,0,80,0,238,0,46
"Hartford-West Hartford-East Hartford, CT","25540",2003,365,199,146,13,6,1,0,206,83,48,21,30,152,7,154,1
"Hattiesburg, MS","25620",2003,118,46,70,2,0,0,0,108,77,54,0,0,0,0,118,0
"Helena, MT","25740",2003,346,313,29,2,2,0,0,159,50,18,0,0,0,0,77,269
"Helena-West Helena, AR","25760",2003,116,59,56,1,0,0,0,107,67,50,0,0,0,0,116,0
"Hermiston-Pendleton, OR","25840",2003,84,75,8,1,0,0,0,109,56,21,0,0,0,0,54,30
"Hickory-Lenoir-Morganton, NC","25860",2003,365,226,118,18,3,0,0,154,84,43,0,0,172,104,89,0
"Hilo, HI","25900",2003,365,227,6,34,98,0,0,200,200,31,0,0,198,163,4,0
"Hilton Head Island-Bluffton-Beaufort, SC","25940",2003,119,79,40,0,0,0,0,77,60,38,0,0,0,0,119,0
"Hobbs, NM","26020",2003,118,105,12,0,0,1,0,245,51,26,0,0,0,0,98,20
"Holland, MI","26090",2003,355,196,132,20,6,1,0,201,94,47,0,0,124,0,231,0
"Homosassa Springs, FL","26140",2003,116,97,19,0,0,0,0,71,54,33,0,0,0,0,116,0
"Hot Springs, AR","26300",2003,114,65,49,0,0,0,0,83,64,46,0,0,0,0,114,0
"Houghton, MI","26340",2003,113,109,4,0,0,0,0,59,37,13,0,0,0,0,113,0
"Houma-Thibodaux, LA","26380",2003,363,224,112,27,0,0,0,147,90,44,0,0,177,0,186,0
"Houston-The Woodlands-Sugar Land, TX","26420",2003,365,60,212,52,25,16,0,238,164,70,0,33,143,67,117,5
"Hudson, NY","26460",2003,43,43,0,0,0,0,0,49,21,11,0,0,0,0,0,43
"Huntington, IN","26540",2003,183,99,69,12,3,0,0,200,100,49,0,0,183,0,0,0
"Huntington-Ashland, WV-KY-OH","26580",2003,365,119,184,55,6,1,0,201,110,62,0,18,133,151,63,0
"Huntsville, AL","26620",2003,365,223,120,21,1,0,0,159,87,45,0,2,282,0,73,8
"Idaho Falls, ID","26820",2003,347,255,90,2,0,0,0,129,67,44,0,0,324,0,23,0
"Indianapolis-Carmel-Anderson, IN","26900",2003,365,79,219,54,11,2,0,203,116,66,0,3,93,58,211,0
"Iowa City, IA","26980",2003,121,75,45,1,0,0,0,109,69,39,0,0,0,0,121,0
"Iron Mountain, MI-WI","27020",2003,183,152,30,1,0,0,0,105,61,41,0,0,183,0,0,0
"Ithaca, NY","27060",2003,120,97,23,0,0,0,0,91,56,28,0,0,0,0,120,0
"Jackson, MS","27140",2003,365,148,207,10,0,0,0,133,76,53,0,0,68,2,295,0
"Jackson, TN","27180",2003,81,63,18,0,0,0,0,76,60,24,0,0,0,0,39,42
"Jackson, WY-ID","27220",2003,331,257,73,1,0,0,0,101,64,44,2,0,306,0,20,3
"Jacksonville, FL","27260",2003,365,191,150,23,1,0,0,158,87,50,0,16,129,75,98,47
"Jacksonville, NC","27340",2003,119,84,35,0,0,0,0,99,63,43,0,0,0,0,118,1
"Jamestown-Dunkirk-Fredonia, NY","27460",2003,365,201,109,38,15,2,0,214,112,49,0,0,211,133,21,0
"Janesville-Beloit, WI","27500",2003,204,133,56,15,0,0,0,140,93,46,0,0,183,0,21,0
"Jasper, IN","27540",2003,365,224,112,26,3,0,0,200,95,37,0,0,0,278,85,2
"Johnstown, PA","27780",2003,365,230,117,16,2,0,0,190,81,44,1,54,118,103,80,9
"Jonesboro, AR","27860",2003,116,61,54,1,0,0,0,102,64,49,0,0,0,0,116,0
"Joplin, MO","27900",2003,338,234,101,3,0,0,0,115,65,32,0,0,0,0,106,232
"Juneau, AK","27940",2003,82,73,9,0,0,0,0,86,52,20,0,0,0,0,80,2
"Kahului-Wailuku-Lahaina, HI","27980",2003,348,335,13,0,0,0,0,78,37,20,0,0,0,0,71,277
"Kalamazoo-Portage, MI","28020",2003,238,139,81,15,3,0,0,164,93,48,0,0,155,0,83,0
"Kalispell, MT","28060",2003,365,291,64,6,4,0,0,165,62,38,31,0,200,0,66,68
"Kansas City, MO-KS","28140",2003,365,92,185,72,15,1,0,201,129,67,0,32,157,62,113,1
"Kapaa, HI","28180",2003,61,61,0,0,0,0,0,29,22,14,0,0,0,0,0,61
"Keene, NH","28300",2003,364,310,50,4,0,0,0,136,60,33,0,0,172,152,40,0
"Kennewick-Richland, WA","28420",2003,365,315,46,3,0,0,0,1334,54,28,0,0,0,0,268,97
"Kingsport-Bristol-Bristol, TN-VA","28700",2003,365,110,154,96,5,0,0,182,119,71,0,23,83,223,36,0
"Kingston, NY","28740",2003,364,305,45,11,3,0,0,172,67,39,0,0,358,4,0,2
"Kingsville, TX","28780",2003,55,45,10,0,0,0,0,79,59,34,0,0,0,0,55,0
"Kinston, NC","28820",2003,256,168,79,6,3,0,0,166,77,43,0,0,165,0,91,0
"Klamath Falls, OR","28900",2003,236,204,30,2,0,0,0,146,60,21,114,0,0,0,112,10
"Knoxville, TN","28940",2003,365,42,211,99,13,0,0,187,128,81,0,0,97,162,89,17
"Kokomo, IN","29020",2003,116,60,54,2,0,0,0,138,80,50,0,0,0,0,116,0
"La Grande, OR","29260",2003,129,115,14,0,0,0,0,77,52,21,0,0,0,0,110,19
"Laconia, NH","29060",2003,209,164,39,6,0,0,0,147,67,39,0,0,175,0,34,0
"Lafayette, LA","29180",2003,362,252,91,17,2,0,0,156,87,41,0,0,293,0,69,0
"Lafayette-West Lafayette, IN","29200",2003,242,134,95,12,1,0,0,156,88,48,0,0,158,0,84,0
"Lake Charles, LA","29340",2003,365,176,170,16,3,0,0,187,84,51,0,2,128,34,201,0
"Lake City, FL","29380",2003,364,325,33,6,0,0,0,140,51,34,0,0,364,0,0,0
"Lake Havasu City-Kingman, AZ","29420",2003,103,98,5,0,0,0,0,84,39,20,0,0,0,0,76,27
"Lakeland-Winter Haven, FL","29460",2003,365,295,58,12,0,0,0,147,67,39,0,0,241,57,50,17
"Lancaster, PA","29540",2003,365,228,112,21,2,2,0,217,90,43,0,81,146,47,85,6
"Lansing-East Lansing, MI","29620",2003,242,141,85,12,4,0,0,177,87,46,0,0,161,0,81,0
"Laramie, WY","29660",2003,116,105,11,0,0,0,0,61,47,17,0,0,0,0,60,56
"Laredo, TX","29700",2003,365,310,52,2,1,0,0,152,58,34,55,0,267,0,33,10
"Las Cruces, NM","29740",2003,365,100,207,49,4,2,2,1005,112,64,0,9,174,0,93,89
"Las Vegas-Henderson-Paradise, NV","29820",2003,365,57,240,57,11,0,0,200,122,68,1,23,200,0,109,32
"Laurel, MS","29860",2003,117,45,72,0,0,0,0,93,75,54,0,0,0,0,117,0
"Lawrence, KS","29940",2003,261,186,57,16,2,0,0,185,84,39,0,0,261,0,0,0
"Lawrenceburg, TN","29980",2003,278,171,98,8,1,0,0,159,77,47,0,0,200,0,78,0
"Lawton, OK","30020",2003,365,254,97,13,1,0,0,154,80,43,3,0,319,0,43,0
"Lewiston, ID-WA","30300",2003,63,50,13,0,0,0,0,67,59,28,0,0,0,0,42,21
"Lewiston-Auburn, ME","30340",2003,56,54,2,0,0,0,0,57,38,18,0,0,0,0,0,56
"Lexington, NE","30420",2003,58,48,10,0,0,0,0,91,58,33,0,0,0,0,0,58
"Lexington-Fayette, KY","30460",2003,362,220,133,8,1,0,0,161,80,44,0,56,172,36,98,0
"Lima, OH","30620",2003,365,291,59,11,4,0,0,195,71,31,0,0,207,142,0,16
"Lincoln, NE","30700",2003,365,328,36,1,0,0,0,117,51,32,110,0,177,0,78,0
"Little Rock-North Little Rock-Conway, AR","30780",2003,365,134,216,14,1,0,0,151,84,56,0,9,107,0,249,0
"Logan, UT-ID","30860",2003,364,224,130,10,0,0,0,126,83,44,0,132,144,0,84,4
"London, KY","30940",2003,61,27,33,1,0,0,0,113,77,52,0,0,0,0,61,0
"Longview, TX","30980",2003,365,220,126,17,2,0,0,154,87,44,0,5,275,22,63,0
"Longview, WA","31020",2003,218,183,35,0,0,0,0,98,60,22,0,0,0,0,218,0
"Los Alamos, NM","31060",2003,112,112,0,0,0,0,0,41,21,13,0,0,0,0,112,0
"Los Angeles-Long Beach-Anaheim, CA","31080",2003,365,31,161,83,60,30,0,249,197,97,2,50,187,0,125,1
"Louisville/Jefferson County, KY-IN","31140",2003,365,73,215,67,10,0,0,184,119,67,1,4,69,127,164,0
"Lubbock, TX","31180",2003,60,53,7,0,0,0,0,80,54,29,0,0,0,0,60,0
"Ludington, MI","31220",2003,183,131,35,13,4,0,0,187,93,43,0,0,183,0,0,0
"Lumberton, NC","31300",2003,115,60,55,0,0,0,0,95,70,48,0,0,0,0,115,0
"Lynchburg, VA","31340",2003,96,49,46,1,0,0,0,111,73,50,0,0,0,0,96,0
"Macon, GA","31420",2003,355,187,149,18,1,0,0,159,82,49,0,0,114,38,203,0
"Madera, CA","31460",2003,364,204,96,51,13,0,0,192,126,46,0,59,305,0,0,0
"Madison, IN","31500",2003,365,332,30,3,0,0,0,122,49,17,0,0,0,365,0,0
"Madison, WI","31540",2003,245,135,93,16,1,0,0,154,97,49,0,0,173,0,72,0
"Malone, NY","31660",2003,356,355,1,0,0,0,0,51,23,9,0,0,0,0,0,356
"Manchester-Nashua, NH","31700",2003,365,264,86,15,0,0,0,150,80,41,11,68,165,61,58,2
"Manitowoc, WI","31820",2003,243,170,60,7,5,1,0,208,84,42,0,0,172,0,71,0
"Marietta, OH","31930",2003,247,173,63,8,1,2,0,222,84,43,0,0,210,0,0,37
"Marion, NC","32000",2003,105,49,54,2,0,0,0,111,70,51,0,0,0,0,105,0
"Marshall, TX","32220",2003,363,245,106,10,2,0,0,169,80,44,0,3,287,0,73,0
"Mason City, IA","32380",2003,365,260,102,3,0,0,0,128,63,37,0,0,0,14,81,270
"Mayag?ez, PR","32420",2003,99,89,10,0,0,0,0,72,51,30,0,0,0,0,99,0
"Mayfield, KY","32460",2003,245,160,74,10,1,0,0,154,84,44,0,0,245,0,0,0
"McAlester, OK","32540",2003,363,265,90,8,0,0,0,129,67,42,0,0,296,0,66,1
"McAllen-Edinburg-Mission, TX","32580",2003,365,263,93,9,0,0,0,150,68,40,0,0,197,0,81,87
"Medford, OR","32780",2003,365,275,83,7,0,0,0,129,72,36,142,0,147,0,73,3
"Memphis, TN-MS-AR","32820",2003,365,70,233,53,8,1,0,203,112,66,0,9,106,45,205,0
"Merced, CA","32900",2003,364,128,118,65,49,4,0,205,159,71,0,33,284,0,45,2
"Meridian, MS","32940",2003,267,192,71,4,0,0,0,115,71,43,0,0,186,0,81,0
"Miami, OK","33060",2003,363,241,102,20,0,0,0,140,80,42,0,36,212,1,37,77
"Miami-Fort Lauderdale-West Palm Beach, FL","33100",2003,365,192,166,6,1,0,0,164,68,50,1,6,90,14,252,2
"Michigan City-La Porte, IN","33140",2003,364,253,90,18,3,0,0,164,82,37,0,0,152,126,86,0
"Middlesborough, KY","33180",2003,265,174,82,9,0,0,0,147,77,44,0,0,220,0,45,0
"Milledgeville, GA","33300",2003,315,288,20,7,0,0,0,112,41,6,0,0,0,315,0,0
"Milwaukee-Waukesha-West Allis, WI","33340",2003,365,209,124,24,7,1,0,207,96,47,19,28,131,23,164,0
"Minneapolis-St. Paul-Bloomington, MN-WI","33460",2003,365,145,185,32,3,0,0,156,100,55,0,13,100,41,197,14
"Missoula, MT","33540",2003,364,312,42,6,3,1,0,264,62,24,48,85,0,0,110,121
"Mobile, AL","33660",2003,365,242,105,16,2,0,0,182,80,40,11,0,183,40,91,40
"Modesto, CA","33700",2003,365,194,102,53,16,0,0,187,126,49,4,79,230,0,48,4
"Monroe, LA","33740",2003,364,251,97,15,1,0,0,154,77,42,0,0,297,5,62,0
"Monroe, MI","33780",2003,119,58,57,3,1,0,0,155,83,51,0,0,0,0,119,0
"Montgomery, AL","33860",2003,284,175,102,7,0,0,0,143,80,46,0,0,183,0,101,0
"Morgan City, LA","34020",2003,342,288,41,13,0,0,0,133,67,33,0,0,342,0,0,0
"Morgantown, WV","34060",2003,365,214,116,29,6,0,0,200,99,45,0,0,124,167,72,2
"Morristown, TN","34100",2003,245,169,62,11,3,0,0,187,87,44,0,0,245,0,0,0
"Moscow, ID","34140",2003,25,25,0,0,0,0,0,34,23,17,0,0,0,0,25,0
"Moses Lake, WA","34180",2003,65,57,8,0,0,0,0,60,52,24,0,0,0,0,65,0
"Mount Vernon, IL","34500",2003,209,119,75,15,0,0,0,133,93,48,0,0,209,0,0,0
"Mount Vernon, OH","34540",2003,214,151,48,12,2,1,0,207,87,44,0,0,214,0,0,0
"Mount Vernon-Anacortes, WA","34580",2003,362,347,12,1,2,0,0,200,44,31,0,14,338,10,0,0
"Mountain Home, ID","34300",2003,365,314,50,1,0,0,0,120,54,38,0,154,211,0,0,0
"Muncie, IN","34620",2003,233,130,90,10,3,0,0,182,87,48,0,0,156,0,77,0
"Muscatine, IA","34700",2003,365,252,89,24,0,0,0,141,89,33,0,0,0,140,79,146
"Muskegon, MI","34740",2003,243,154,70,14,3,2,0,203,97,44,0,0,162,0,81,0
"Muskogee, OK","34780",2003,365,281,81,3,0,0,0,105,64,29,0,28,0,63,104,170
"Myrtle Beach-Conway-North Myrtle Beach, SC-NC","34820",2003,119,76,43,0,0,0,0,85,61,44,0,0,0,0,119,0
"Napa, CA","34900",2003,365,350,12,3,0,0,0,143,43,31,1,99,259,0,0,6
"Naples-Immokalee-Marco Island, FL","34940",2003,335,312,18,5,0,0,0,122,47,32,0,0,335,0,0,0
"Nashville-Davidson--Murfreesboro--Franklin, TN","34980",2003,365,106,216,38,5,0,0,174,101,58,1,5,123,1,235,0
"Natchez, MS-LA","35020",2003,279,177,81,18,3,0,0,161,90,45,0,0,201,0,78,0
"New Castle, IN","35220",2003,117,64,51,2,0,0,0,104,80,48,0,0,0,0,117,0
"New Castle, PA","35260",2003,365,259,91,14,0,1,0,218,77,40,0,70,148,109,0,38
"New Haven-Milford, CT","35300",2003,365,116,214,26,6,3,0,220,100,59,0,15,82,5,227,36
"New Orleans-Metairie, LA","35380",2003,365,173,158,28,6,0,0,195,97,52,0,13,130,23,199,0
"New Philadelphia-Dover, OH","35420",2003,352,270,72,9,1,0,0,166,67,27,0,0,0,352,0,0
"New York-Newark-Jersey City, NY-NJ-PA","35620",2003,365,74,223,51,13,4,0,226,122,67,0,50,100,62,151,2
"Newport, OR","35440",2003,8,8,0,0,0,0,0,6,6,4,0,0,0,8,0,0
"Niles-Benton Harbor, MI","35660",2003,241,143,74,18,6,0,0,190,100,46,0,0,170,0,71,0
"Nogales, AZ","35700",2003,61,34,25,2,0,0,0,115,79,43,0,0,0,0,47,14
"North Platte, NE","35820",2003,82,69,13,0,0,0,0,98,55,26,0,0,0,0,82,0
"North Port-Sarasota-Bradenton, FL","35840",2003,365,275,71,16,3,0,0,179,71,40,6,1,302,15,40,1
"Norwich-New London, CT","35980",2003,237,162,56,14,3,2,0,208,80,43,0,0,165,0,72,0
"Ocala, FL","36100",2003,365,308,51,5,1,0,0,156,56,36,0,0,308,0,57,0
"Odessa, TX","36220",2003,123,108,15,0,0,0,0,80,53,30,0,0,0,0,123,0
"Ogden-Clearfield, UT","36260",2003,365,183,143,37,2,0,0,185,105,50,2,181,136,0,29,17
"Ogdensburg-Massena, NY","36300",2003,96,79,16,1,0,0,0,131,57,24,0,0,0,0,96,0
"Oklahoma City, OK","36420",2003,365,161,173,29,2,0,0,169,100,52,0,40,197,0,126,2
"Olympia-Tumwater, WA","36500",2003,364,265,91,8,0,0,0,120,75,39,0,0,121,0,243,0
"Omaha-Council Bluffs, NE-IA","36540",2003,365,175,176,13,1,0,0,177,87,51,2,0,132,13,161,57
"Orangeburg, SC","36700",2003,365,330,35,0,0,0,0,88,49,13,0,180,0,92,93,0
"Orlando-Kissimmee-Sanford, FL","36740",2003,365,213,137,14,1,0,0,151,72,46,0,8,154,0,202,1
"Oshkosh-Neenah, WI","36780",2003,201,142,46,13,0,0,0,143,80,45,0,0,184,0,17,0
"Othello, WA","36830",2003,365,339,25,1,0,0,0,104,45,24,0,0,0,0,365,0
"Ottawa-Peru, IL","36860",2003,365,305,59,1,0,0,0,103,56,24,0,0,0,0,111,254
"Owensboro, KY","36980",2003,365,176,153,35,1,0,0,154,100,51,0,35,171,102,54,3
"Oxford, NC","37080",2003,205,116,65,20,4,0,0,200,112,48,0,0,205,0,0,0
"Oxnard-Thousand Oaks-Ventura, CA","37100",2003,365,164,105,68,27,1,0,209,143,54,0,41,280,0,39,5
"Paducah, KY-IL","37140",2003,365,214,128,22,1,0,0,154,90,46,0,48,193,48,65,11
"Pahrump, NV","37220",2003,116,108,5,2,0,1,0,208,46,22,0,0,0,0,0,116
"Palatka, FL","37260",2003,365,346,18,1,0,0,0,106,39,20,0,0,0,50,0,315
"Palm Bay-Melbourne-Titusville, FL","37340",2003,365,322,36,7,0,0,0,147,53,36,0,0,317,0,28,20
"Panama City, FL","37460",2003,359,266,70,20,3,0,0,185,84,38,0,0,287,0,63,9
"Parkersburg-Vienna, WV","37620",2003,365,181,143,36,4,1,0,209,102,51,0,0,102,195,68,0
"Payson, AZ","37740",2003,365,85,136,127,17,0,0,200,129,87,0,0,94,250,20,1
"Pensacola-Ferry Pass-Brent, FL","37860",2003,365,182,150,30,3,0,0,197,97,51,0,0,168,49,148,0
"Peoria, IL","37900",2003,365,172,142,46,5,0,0,200,108,52,9,0,151,162,43,0
"Philadelphia-Camden-Wilmington, PA-NJ-DE-MD","37980",2003,365,63,199,89,12,2,0,226,126,75,1,18,101,109,136,0
"Phoenix-Mesa-Scottsdale, AZ","38060",2003,365,43,237,73,12,0,0,195,122,74,6,116,199,0,27,17
"Picayune, MS","38100",2003,113,62,51,0,0,0,0,85,65,48,0,0,0,0,113,0
"Pine Bluff, AR","38220",2003,117,62,55,0,0,0,0,100,67,48,0,0,0,0,117,0
"Pittsburgh, PA","38300",2003,365,24,192,126,20,3,0,218,136,92,0,2,39,238,85,1
"Pittsfield, MA","38340",2003,201,122,65,12,2,0,0,197,93,45,0,0,135,0,66,0
"Platteville, WI","38420",2003,119,75,42,2,0,0,0,112,69,39,0,0,0,0,119,0
"Pocatello, ID","38540",2003,365,229,136,0,0,0,0,95,66,45,0,0,0,127,214,24
"Point Pleasant, WV-OH","38580",2003,360,295,57,7,1,0,0,163,62,19,0,0,0,309,51,0
"Ponca City, OK","38620",2003,365,188,158,19,0,0,0,140,93,49,0,15,172,87,41,50
"Ponce, PR","38660",2003,115,95,20,0,0,0,0,81,53,32,0,0,0,0,78,37
"Port Angeles, WA","38820",2003,365,286,79,0,0,0,0,80,61,34,0,0,153,4,208,0
"Port St. Lucie, FL","38940",2003,365,333,30,2,0,0,0,101,48,35,0,18,279,0,57,11
"Portland-South Portland, ME","38860",2003,365,300,52,11,2,0,0,169,67,39,0,84,257,7,11,6
"Portland-Vancouver-Hillsboro, OR-WA","38900",2003,365,263,93,9,0,0,0,147,66,40,31,5,115,0,214,0
"Portsmouth, OH","39020",2003,365,291,73,1,0,0,0,102,62,21,0,0,0,251,109,5
"Pottsville, PA","39060",2003,365,346,19,0,0,0,0,90,41,19,14,0,0,351,0,0
"Prescott, AZ","39140",2003,263,154,109,0,0,0,0,100,74,49,0,0,210,0,48,5
"Providence-Warwick, RI-MA","39300",2003,365,170,167,18,9,1,0,213,93,52,0,19,123,47,176,0
"Provo-Orem, UT","39340",2003,365,185,150,28,2,0,0,195,97,50,9,103,144,0,100,9
"Pueblo, CO","39380",2003,128,119,9,0,0,0,0,93,48,30,0,0,0,0,96,32
"Pullman, WA","39420",2003,365,337,28,0,0,0,0,97,44,22,0,0,0,0,365,0
"Quincy, IL-MO","39500",2003,361,293,64,4,0,0,0,122,62,35,0,0,300,22,39,0
"Racine, WI","39540",2003,199,155,32,12,0,0,0,147,87,38,16,0,183,0,0,0
"Raleigh, NC","39580",2003,363,148,183,26,5,1,0,210,98,53,6,0,125,1,231,0
"Rapid City, SD","39660",2003,331,224,101,6,0,0,0,122,77,44,0,0,139,0,36,156
"Reading, PA","39740",2003,365,226,102,35,1,1,0,201,101,45,0,79,115,94,74,3
"Red Bluff, CA","39780",2003,278,155,85,35,3,0,0,156,105,46,0,0,261,0,0,17
"Red Wing, MN","39860",2003,122,84,33,5,0,0,0,147,87,45,0,0,122,0,0,0
"Redding, CA","39820",2003,364,262,77,18,7,0,0,177,90,43,0,0,342,0,20,2
"Reno, NV","39900",2003,365,252,104,8,1,0,0,161,80,45,17,0,315,0,23,10
"Richmond, IN","39980",2003,365,265,81,19,0,0,0,144,84,24,0,0,0,365,0,0
"Richmond, VA","40060",2003,365,111,212,37,4,1,0,202,105,58,0,29,92,78,166,0
"Richmond-Berea, KY","40080",2003,116,68,48,0,0,0,0,91,74,45,0,0,0,0,112,4
"Riverside-San Bernardino-Ontario, CA","40140",2003,365,34,146,67,67,51,0,251,208,101,0,31,198,0,126,10
"Riverton, WY","40180",2003,122,95,26,1,0,0,0,102,64,24,0,0,0,0,98,24
"Roanoke Rapids, NC","40260",2003,203,133,58,11,1,0,0,154,87,44,0,0,203,0,0,0
"Roanoke, VA","40220",2003,365,249,110,5,1,0,0,164,74,40,0,115,154,5,90,1
"Rochester, MN","40340",2003,310,166,134,10,0,0,0,136,80,48,0,0,98,0,212,0
"Rochester, NY","40380",2003,365,257,88,16,4,0,0,190,77,40,4,0,191,109,61,0
"Rock Springs, WY","40540",2003,365,285,71,9,0,0,0,131,59,28,0,0,0,0,0,365
"Rockford, IL","40420",2003,365,296,62,7,0,0,0,136,64,34,13,0,318,0,34,0
"Rockland, ME","40500",2003,203,169,23,10,0,1,0,202,74,38,0,0,172,0,0,31
"Rocky Mount, NC","40580",2003,260,153,90,13,4,0,0,179,93,45,0,0,178,0,82,0
"Rome, GA","40660",2003,361,267,88,5,1,0,0,167,70,23,0,0,0,247,112,2
"Roswell, NM","40740",2003,123,102,20,1,0,0,0,140,56,32,0,0,0,0,115,8
"Ruidoso, NM","40760",2003,116,113,3,0,0,0,0,62,29,15,0,0,0,0,116,0
"Russellville, AR","40780",2003,117,65,52,0,0,0,0,89,66,48,0,0,0,0,117,0
"Rutland, VT","40860",2003,266,225,39,2,0,0,0,105,57,27,0,166,0,28,72,0
"Sacramento--Roseville--Arden-Arcade, CA","40900",2003,365,61,190,73,34,7,0,218,152,80,0,3,254,0,106,2
"Safford, AZ","40940",2003,60,57,3,0,0,0,0,61,38,19,0,0,0,0,0,60
"Saginaw, MI","40980",2003,113,75,38,0,0,0,0,95,68,38,0,0,0,0,113,0
"Salem, OH","41400",2003,359,258,67,32,2,0,0,159,96,23,0,0,0,326,0,33
"Salem, OR","41420",2003,323,293,24,6,0,0,0,133,50,30,156,0,145,0,22,0
"Salinas, CA","41500",2003,365,333,29,3,0,0,0,136,48,36,0,11,331,0,14,9
"Salisbury, MD-DE","41540",2003,270,164,82,19,3,2,0,218,93,45,0,0,197,0,73,0
"Salt Lake City, UT","41620",2003,365,141,183,34,6,1,0,296,105,57,0,99,134,8,83,41
"San Antonio-New Braunfels, TX","41700",2003,365,232,100,26,7,0,0,187,97,45,0,40,243,0,49,33
"San Diego-Carlsbad, CA","41740",2003,365,82,204,71,7,1,0,289,126,68,2,37,181,0,142,3
"San Francisco-Oakland-Hayward, CA","41860",2003,365,218,120,24,3,0,0,172,93,46,0,42,200,4,118,1
"San Jose-Sunnyvale-Santa Clara, CA","41940",2003,365,172,158,29,6,0,0,190,100,52,0,18,228,0,119,0
"San Juan-Carolina-Caguas, PR","41980",2003,365,246,115,4,0,0,0,141,64,42,68,0,0,35,182,80
"San Luis Obispo-Paso Robles-Arroyo Grande, CA","42020",2003,365,187,146,31,1,0,0,159,97,50,0,8,218,122,13,4
"Sandpoint, ID","41760",2003,339,332,7,0,0,0,0,86,34,14,0,0,0,0,51,288
"Santa Cruz-Watsonville, CA","42100",2003,365,335,28,2,0,0,0,112,48,35,0,1,343,1,16,4
"Santa Fe, NM","42140",2003,362,359,3,0,0,0,0,67,26,13,179,0,0,0,179,4
"Santa Maria-Santa Barbara, CA","42200",2003,365,202,121,37,5,0,0,192,101,49,0,7,344,2,11,1
"Santa Rosa, CA","42220",2003,365,330,33,2,0,0,0,133,49,37,0,58,266,0,40,1
"Sault Ste. Marie, MI","42300",2003,126,104,21,1,0,0,0,121,62,32,0,0,0,0,126,0
"Savannah, GA","42340",2003,365,230,130,5,0,0,0,136,71,43,0,0,131,71,128,35
"Scottsbluff, NE","42420",2003,107,99,8,0,0,0,0,74,48,23,0,0,0,0,107,0
"Scottsboro, AL","42460",2003,365,330,24,8,3,0,0,199,47,7,0,0,0,365,0,0
"Scranton--Wilkes-Barre--Hazleton, PA","42540",2003,365,184,166,12,3,0,0,172,82,50,0,17,91,9,242,6
"Searcy, AR","42620",2003,114,63,51,0,0,0,0,80,66,47,0,0,0,0,114,0
"Seattle-Tacoma-Bellevue, WA","42660",2003,365,153,171,39,2,0,0,179,105,54,1,3,140,3,217,1
"Sebring, FL","42700",2003,359,326,24,9,0,0,0,129,50,36,0,0,359,0,0,0
"Seneca, SC","42860",2003,365,271,80,14,0,0,0,140,77,41,0,0,313,11,41,0
"Sevierville, TN","42940",2003,363,195,135,30,3,0,0,182,100,49,0,0,363,0,0,0
"Seymour, IN","42980",2003,183,99,66,18,0,0,0,147,100,48,0,0,183,0,0,0
"Sheboygan, WI","43100",2003,184,125,40,15,3,1,0,208,101,44,0,0,184,0,0,0
"Shelton, WA","43220",2003,297,253,42,2,0,0,0,103,61,33,0,0,139,0,158,0
"Sheridan, WY","43260",2003,238,188,50,0,0,0,0,93,61,31,0,0,0,0,88,150
"Show Low, AZ","43320",2003,354,201,145,8,0,0,0,122,84,48,0,0,345,0,5,4
"Shreveport-Bossier City, LA","43340",2003,365,178,169,16,2,0,0,166,80,51,0,0,161,0,203,1
"Sierra Vista-Douglas, AZ","43420",2003,351,192,152,7,0,0,0,126,80,49,0,0,331,0,9,11
"Silver City, NM","43500",2003,363,357,6,0,0,0,0,73,29,3,0,0,0,247,86,30
"Sioux City, IA-NE-SD","43580",2003,121,77,44,0,0,0,0,91,67,39,0,0,0,0,106,15
"Sioux Falls, SD","43620",2003,365,305,59,1,0,0,0,105,58,27,0,118,31,12,93,111
"Somerset, KY","43700",2003,265,207,53,5,0,0,0,122,71,42,0,0,242,0,0,23
"Sonora, CA","43760",2003,365,208,100,52,5,0,0,156,115,44,4,0,361,0,0,0
"South Bend-Mishawaka, IN-MI","43780",2003,365,181,155,22,7,0,0,190,96,51,0,46,128,0,191,0
"Spartanburg, SC","43900",2003,360,158,180,20,2,0,0,172,88,54,0,0,112,0,248,0
"Spokane-Spokane Valley, WA","44060",2003,365,165,183,17,0,0,0,139,84,53,15,0,117,0,226,7
"Springfield, IL","44100",2003,365,256,89,19,1,0,0,153,82,39,3,0,240,53,69,0
"Springfield, MA","44140",2003,365,178,164,20,3,0,0,185,90,51,0,14,157,4,189,1
"Springfield, MO","44180",2003,365,196,158,11,0,0,0,150,84,49,5,58,142,104,56,0
"Springfield, OH","44220",2003,354,236,100,15,1,2,0,216,85,44,0,0,171,103,80,0
"St. Cloud, MN","41060",2003,365,254,109,2,0,0,0,113,70,38,77,0,77,0,211,0
"St. George, UT","41100",2003,116,115,1,0,0,0,0,58,25,13,0,0,0,0,116,0
"St. Joseph, MO-KS","41140",2003,293,221,68,4,0,0,0,119,62,26,0,0,0,182,91,20
"St. Louis, MO-IL","41180",2003,365,42,194,112,14,3,0,212,133,80,0,7,67,153,113,25
"State College, PA","44300",2003,365,173,172,16,2,2,0,202,84,53,0,7,111,24,223,0
"Steamboat Springs, CO","44460",2003,351,325,26,0,0,0,0,98,44,19,0,0,0,0,43,308
"Stillwater, OK","44660",2003,2,2,0,0,0,0,0,33,33,33,0,0,0,0,2,0
"Stockton-Lodi, CA","44700",2003,365,240,98,25,2,0,0,159,97,44,0,84,203,0,61,17
"Summerville, GA","44900",2003,52,52,0,0,0,0,0,49,29,19,0,0,0,0,0,52
"Syracuse, NY","45060",2003,365,280,73,7,3,2,0,204,74,39,2,0,329,8,26,0
"Tahlequah, OK","45140",2003,365,266,90,8,1,0,0,151,74,41,1,28,221,38,39,38
"Talladega-Sylacauga, AL","45180",2003,114,42,71,1,0,0,0,116,74,55,0,0,0,0,107,7
"Tallahassee, FL","45220",2003,365,218,135,12,0,0,0,150,76,44,0,0,182,0,178,5
"Tampa-St. Petersburg-Clearwater, FL","45300",2003,365,73,193,92,7,0,0,179,119,66,0,1,62,200,101,1
"Taos, NM","45340",2003,363,354,9,0,0,0,0,75,29,17,0,0,0,0,355,8
"Terre Haute, IN","45460",2003,365,185,149,27,4,0,0,167,100,50,0,0,115,183,67,0
"Texarkana, TX-AR","45500",2003,126,58,68,0,0,0,0,83,72,52,0,0,0,0,126,0
"The Dalles, OR","45520",2003,52,45,7,0,0,0,0,72,52,23,0,0,0,0,52,0
"Tiffin, OH","45660",2003,166,164,2,0,0,0,0,53,30,15,0,0,0,0,0,166
"Toledo, OH","45780",2003,365,116,215,28,6,0,0,197,99,59,0,0,89,64,211,1
"Topeka, KS","45820",2003,122,82,38,1,1,0,0,155,63,43,0,0,0,0,118,4
"Torrington, CT","45860",2003,243,166,60,14,3,0,0,182,90,44,0,0,175,0,68,0
"Traverse City, MI","45900",2003,183,121,44,12,6,0,0,182,100,44,0,0,183,0,0,0
"Trenton, NJ","45940",2003,364,267,75,16,4,2,0,204,87,41,0,97,210,0,57,0
"Troy, AL","45980",2003,48,47,1,0,0,0,0,76,33,19,0,0,0,0,0,48
"Truckee-Grass Valley, CA","46020",2003,365,172,100,71,22,0,0,195,133,58,0,0,336,0,20,9
"Tucson, AZ","46060",2003,365,164,170,30,1,0,0,154,97,52,0,37,248,0,37,43
"Tulsa, OK","46140",2003,365,110,217,31,7,0,0,172,101,60,0,0,149,93,123,0
"Tupelo, MS","46180",2003,322,210,104,8,0,0,0,129,77,44,0,0,203,0,119,0
"Tuscaloosa, AL","46220",2003,279,204,73,2,0,0,0,119,64,41,0,0,195,0,84,0
"Twin Falls, ID","46300",2003,42,38,4,0,0,0,0,61,46,23,0,0,0,0,42,0
"Tyler, TX","46340",2003,360,254,83,22,1,0,0,154,87,42,0,4,356,0,0,0
"Ukiah, CA","46380",2003,365,339,26,0,0,0,0,87,47,33,5,39,295,0,22,4
"Union City, TN-KY","46460",2003,306,214,76,15,1,0,0,154,80,43,0,5,297,4,0,0
"Urban Honolulu, HI","46520",2003,365,355,8,1,1,0,0,170,35,24,7,11,161,30,137,19
"Utica-Rome, NY","46540",2003,354,308,38,6,2,0,0,185,61,36,0,0,331,5,18,0
"Valdosta, GA","46660",2003,52,33,19,0,0,0,0,73,63,46,0,0,0,0,52,0
"Vallejo-Fairfield, CA","46700",2003,365,300,55,10,0,0,0,136,61,38,2,60,262,0,41,0
"Vernal, UT","46860",2003,55,55,0,0,0,0,0,25,12,6,0,0,0,0,0,55
"Vicksburg, MS","46980",2003,268,186,78,4,0,0,0,126,71,43,0,0,189,0,79,0
"Victoria, TX","47020",2003,358,290,52,14,2,0,0,174,77,34,0,0,358,0,0,0
"Vincennes, IN","47180",2003,119,63,54,2,0,0,0,136,83,48,0,0,0,0,119,0
"Vineland-Bridgeton, NJ","47220",2003,358,279,54,22,2,1,0,216,84,36,0,0,332,26,0,0
"Vineyard Haven, MA","47240",2003,100,81,19,0,0,0,0,88,63,24,0,0,0,0,100,0
"Virginia Beach-Norfolk-Newport News, VA-NC","47260",2003,364,154,188,18,3,1,0,207,90,54,0,30,98,75,160,1
"Visalia-Porterville, CA","47300",2003,365,56,126,93,78,12,0,210,177,101,0,0,223,0,141,1
"Waco, TX","47380",2003,30,20,10,0,0,0,0,94,76,37,0,0,0,0,30,0
"Walla Walla, WA","47460",2003,362,270,89,1,1,0,0,1234,63,30,0,0,0,0,300,62
"Walterboro, SC","47500",2003,230,189,38,3,0,0,0,119,64,36,0,0,230,0,0,0
"Warner Robins, GA","47580",2003,59,32,27,0,0,0,0,83,75,49,0,0,0,0,59,0
"Warren, PA","47620",2003,363,220,66,67,10,0,0,200,119,34,0,0,0,363,0,0
"Warsaw, IN","47700",2003,172,91,62,15,4,0,0,179,101,50,0,0,172,0,0,0
"Washington, IN","47780",2003,353,275,57,21,0,0,0,120,85,19,0,0,0,337,0,16
"Washington, NC","47820",2003,321,288,26,7,0,0,0,128,51,4,0,0,0,321,0,0
"Washington-Arlington-Alexandria, DC-VA-MD-WV","47900",2003,365,100,210,47,5,3,0,221,112,61,2,57,90,54,162,0
"Waterloo-Cedar Falls, IA","47940",2003,258,162,93,3,0,0,0,101,77,44,0,0,186,0,68,4
"Watertown, SD","47980",2003,121,86,35,0,0,0,0,81,62,38,0,0,0,0,100,21
"Watertown-Fort Atkinson, WI","48020",2003,204,131,55,18,0,0,0,147,97,45,0,0,183,0,21,0
"Watertown-Fort Drum, NY","48060",2003,221,171,33,8,7,2,0,202,87,41,0,0,221,0,0,0
"Wausau, WI","48140",2003,178,129,39,10,0,0,0,126,87,44,0,0,178,0,0,0
"Weatherford, OK","48220",2003,58,58,0,0,0,0,0,43,33,19,0,0,0,0,0,58
"Weirton-Steubenville, WV-OH","48260",2003,365,13,135,189,27,1,0,202,141,106,2,0,14,288,60,1
"Wenatchee, WA","48300",2003,41,41,0,0,0,0,0,42,28,14,0,0,0,0,0,41
"Wheeling, WV-OH","48540",2003,365,109,173,77,5,1,0,206,110,67,3,0,56,262,44,0
"Whitewater-Elkhorn, WI","48580",2003,183,109,53,20,1,0,0,151,101,46,0,0,183,0,0,0
"Wichita, KS","48620",2003,365,225,117,22,1,0,0,159,90,44,6,10,255,0,58,36
"Williamsport, PA","48700",2003,365,295,55,11,4,0,0,187,70,34,0,0,197,157,0,11
"Williston, ND","48780",2003,364,327,35,2,0,0,0,101,51,13,0,0,0,364,0,0
"Willmar, MN","48820",2003,118,99,17,2,0,0,0,128,55,28,0,0,0,0,0,118
"Wilmington, NC","48900",2003,362,227,112,23,0,0,0,129,92,44,37,0,131,148,46,0
"Wilmington, OH","48940",2003,213,122,65,20,6,0,0,195,108,48,0,0,213,0,0,0
"Winchester, VA-WV","49020",2003,239,178,53,7,1,0,0,172,74,39,0,0,213,0,0,26
"Winona, MN","49100",2003,113,87,26,0,0,0,0,91,66,29,0,0,0,0,113,0
"Winston-Salem, NC","49180",2003,365,133,200,26,5,1,0,201,97,58,1,25,97,26,216,0
"Wisconsin Rapids-Marshfield, WI","49220",2003,24,17,7,0,0,0,0,92,71,40,0,0,0,0,24,0
"Worcester, MA-CT","49340",2003,300,164,118,17,1,0,0,159,90,49,0,9,115,1,175,0
"Yakima, WA","49420",2003,243,206,35,2,0,0,0,122,60,20,116,0,0,0,92,35
"York-Hanover, PA","49620",2003,363,232,103,25,2,1,0,202,88,44,0,111,128,22,89,13
"Youngstown-Warren-Boardman, OH-PA","49660",2003,365,104,231,25,3,2,0,212,97,59,0,0,86,38,241,0
"Yuba City, CA","49700",2003,365,248,80,32,5,0,0,185,101,42,0,95,248,0,18,4
"Yuma, AZ","49740",2003,225,150,63,11,1,0,0,164,84,44,0,0,193,0,0,32
